{"stat.pickup.minecraft.pumpkin":1,"stat.pickup.minecraft.bone":5,"stat.leaveGame":4,"stat.pickup.minecraft.waterlily":2,"stat.pickup.minecraft.arrow":4,"stat.mineBlock.minecraft.pumpkin":1,"stat.useItem.minecraft.waterlily":1,"stat.jump":853,"stat.swimOneCm":4783,"stat.pickup.minecraft.coal":20,"stat.fallOneCm":22596,"stat.climbOneCm":116,"stat.useItem.minecraft.stone_axe":37,"stat.pickup.minecraft.porkchop":14,"stat.mineBlock.candymod.chocolate_mushroom_block":6,"stat.craftItem.minecraft.torch":36,"stat.pickup.minecraft.dirt":7,"stat.useItem.minecraft.dirt":4,"stat.useItem.minecraft.stone_slab2":8,"stat.craftItem.candymod.wafer_stick_block":8,"stat.craftingTableInteraction":6,"stat.useItem.minecraft.red_flower":4,"stat.craftItem.minecraft.furnace":1,"stat.pickup.candymod.chocolate_bar":6,"stat.mineBlock.candymod.chocolate_block":24,"stat.craftItem.minecraft.stone_axe":1,"stat.mineBlock.minecraft.leaves2":1,"stat.damageTaken":701,"stat.pickup.minecraft.leather":17,"stat.craftItem.minecraft.stone_pickaxe":2,"stat.mineBlock.minecraft.red_flower":5,"stat.mineBlock.minecraft.furnace":1,"stat.mineBlock.minecraft.torch":1,"stat.useItem.minecraft.wooden_pickaxe":9,"stat.craftItem.minecraft.cooked_beef":9,"stat.pickup.minecraft.cobblestone":113,"stat.pickup.minecraft.reeds":17,"stat.mineBlock.minecraft.spruce_fence":3,"stat.killEntity.Llama":1,"stat.craftItem.minecraft.stone_sword":1,"stat.flyOneCm":155866,"stat.pickup.minecraft.bed":1,"stat.entityKilledBy.Zombie":1,"stat.useItem.minecraft.stone_pickaxe":150,"stat.useItem.minecraft.cooked_beef":5,"stat.useItem.minecraft.stone_sword":112,"stat.damageDealt":4514,"stat.sleepInBed":1,"stat.timeSinceDeath":335,"stat.killEntity.Cow":17,"stat.mineBlock.minecraft.dirt":7,"stat.craftItem.minecraft.wooden_pickaxe":1,"stat.killEntity.Pig":9,"stat.pickup.minecraft.mutton":20,"stat.walkOneCm":66645,"stat.craftItem.minecraft.bed":1,"stat.useItem.minecraft.torch":10,"stat.pickup.minecraft.crafting_table":4,"stat.mineBlock.candymod.wafer_stick_block":2,"stat.craftItem.minecraft.crafting_table":1,"stat.pickup.minecraft.spruce_fence":3,"stat.furnaceInteraction":8,"stat.pickup.candymod.chocolate_block":24,"stat.mineBlock.minecraft.coal_ore":21,"stat.pickup.minecraft.log":19,"stat.pickup.minecraft.beef":29,"stat.pickup.minecraft.furnace":1,"stat.craftItem.minecraft.stone_slab2":0,"stat.pickup.minecraft.hay_block":1,"stat.pickup.minecraft.sapling":1,"stat.sprintOneCm":89879,"stat.craftItem.minecraft.stick":24,"stat.craftItem.candymod.wafer_stick":32,"stat.killEntity.Skeleton":2,"stat.craftItem.minecraft.planks":28,"stat.mineBlock.minecraft.crafting_table":4,"stat.pickup.candymod.wafer_stick_block":8,"stat.mobKills":42,"stat.mineBlock.minecraft.log":19,"stat.mineBlock.minecraft.waterlily":2,"stat.deaths":2,"stat.mineBlock.minecraft.leaves":4,"stat.playOneMinute":30439,"stat.pickup.minecraft.torch":1,"stat.killEntity.Sheep":13,"stat.pickup.minecraft.red_flower":5,"stat.sneakTime":16,"stat.pickup.minecraft.wool":13,"stat.mineBlock.minecraft.hay_block":1,"stat.mineBlock.minecraft.stone":114,"stat.mineBlock.minecraft.tallgrass":5,"stat.diveOneCm":870}