{"stat.mineBlock.candymod.gummy_block":1,"stat.drop.minecraft.wooden_pickaxe":1,"stat.leaveGame":3,"stat.mineBlock.minecraft.cobblestone":2,"stat.useItem.minecraft.porkchop":7,"stat.useItem.minecraft.mutton":5,"stat.jump":1082,"stat.swimOneCm":10029,"stat.pickup.minecraft.coal":14,"stat.fallOneCm":30634,"stat.climbOneCm":1944,"stat.useItem.minecraft.stone_axe":21,"stat.pickup.minecraft.porkchop":71,"stat.crouchOneCm":101,"stat.mineBlock.candymod.chocolate_mushroom_block":2,"stat.craftItem.minecraft.torch":4,"stat.pickup.minecraft.dirt":9,"stat.useItem.minecraft.stone_slab2":11,"stat.mineBlock.candymod.candy_grass_block":3,"stat.craftingTableInteraction":4,"stat.pickup.minecraft.iron_ore":17,"stat.drop.of.coffee_bean":3,"stat.pickup.minecraft.rotten_flesh":2,"stat.pickup.candymod.chocolate_bar":3,"stat.craftItem.minecraft.stone_axe":1,"stat.damageTaken":435,"stat.pickup.minecraft.leather":17,"stat.craftItem.minecraft.stone_pickaxe":1,"stat.mineBlock.minecraft.torch":1,"stat.useItem.minecraft.wooden_pickaxe":3,"stat.pickup.minecraft.cobblestone":31,"stat.useItem.minecraft.stone_shovel":4,"stat.craftItem.minecraft.stone_sword":1,"stat.flyOneCm":223250,"stat.pickup.minecraft.bed":2,"stat.pickup.minecraft.wheat_seeds":1,"stat.useItem.candymod.chocolate_bar":2,"stat.drop.minecraft.wheat_seeds":1,"stat.useItem.minecraft.stone_pickaxe":60,"stat.useItem.minecraft.stone_sword":149,"stat.damageDealt":6166,"stat.mineBlock.minecraft.iron_ore":17,"stat.sleepInBed":2,"stat.timeSinceDeath":32236,"stat.killEntity.Cow":16,"stat.mineBlock.minecraft.dirt":9,"stat.killEntity.Pig":37,"stat.craftItem.minecraft.wooden_pickaxe":1,"stat.pickup.minecraft.mutton":5,"stat.craftItem.minecraft.stone_shovel":1,"stat.pickup.minecraft.double_plant":1,"stat.walkOneCm":62027,"stat.craftItem.minecraft.bed":1,"stat.useItem.minecraft.torch":1,"stat.pickup.of.coffee_bean":3,"stat.drop.minecraft.rotten_flesh":2,"stat.pickup.minecraft.crafting_table":2,"stat.mineBlock.candymod.wafer_stick_block":2,"stat.useItem.minecraft.cobblestone":2,"stat.craftItem.minecraft.crafting_table":1,"stat.killEntity.ZombieVillager":1,"stat.mineBlock.minecraft.coal_ore":14,"stat.pickup.minecraft.log":17,"stat.pickup.minecraft.beef":33,"stat.pickup.minecraft.sapling":2,"stat.sprintOneCm":178666,"stat.mineBlock.minecraft.stone_slab":1,"stat.craftItem.minecraft.stick":12,"stat.craftItem.candymod.wafer_stick":4,"stat.craftItem.minecraft.planks":68,"stat.pickup.candymod.chocolate_sapling_block":2,"stat.mineBlock.minecraft.crafting_table":2,"stat.pickup.candymod.wafer_stick_block":11,"stat.useItem.candymod.candy_soil_block":2,"stat.mobKills":60,"stat.mineBlock.minecraft.log":17,"stat.useItem.minecraft.beef":16,"stat.pickup.candymod.candy_soil_block":3,"stat.deaths":1,"stat.drop":6,"stat.mineBlock.minecraft.leaves":2,"stat.playOneMinute":42762,"stat.pickup.minecraft.torch":1,"stat.killEntity.Sheep":3,"stat.sneakTime":75,"stat.pickup.minecraft.wool":3,"stat.drop.minecraft.beef":1,"stat.killEntity.Zombie":2,"stat.pickup.minecraft.stone_slab":1,"stat.mineBlock.minecraft.stone":29,"stat.mineBlock.minecraft.tallgrass":21,"stat.diveOneCm":6983,"stat.pickup.candymod.gummy_block":1}