{"stat.leaveGame":2,"stat.pickup.minecraft.waterlily":14,"stat.craftItem.minecraft.cooked_porkchop":20,"stat.killEntity.Slime":19,"stat.pickup.minecraft.stone_pickaxe":1,"stat.pickup.minecraft.stone_axe":1,"stat.pickup.minecraft.leather_chestplate":1,"stat.useItem.minecraft.porkchop":1,"stat.jump":427,"stat.swimOneCm":25547,"stat.pickup.minecraft.coal":50,"stat.fallOneCm":6675,"stat.climbOneCm":1835,"stat.useItem.candymod.wafer_stick_block":4,"stat.pickup.minecraft.cooked_porkchop":17,"stat.useItem.minecraft.stone_axe":75,"stat.pickup.minecraft.porkchop":55,"stat.pickup.minecraft.gunpowder":4,"stat.crouchOneCm":1046,"stat.useItem.minecraft.stone_slab2":11,"stat.craftingTableInteraction":31,"stat.craftItem.minecraft.furnace":2,"stat.boatOneCm":47659,"stat.craftItem.minecraft.stone_axe":1,"stat.damageTaken":417,"stat.pickup.minecraft.leather":28,"stat.craftItem.minecraft.stone_pickaxe":1,"stat.mineBlock.minecraft.furnace":2,"stat.useItem.minecraft.wooden_pickaxe":30,"stat.pickup.minecraft.cobblestone":30,"stat.pickup.minecraft.planks":54,"stat.pickup.minecraft.reeds":10,"stat.craftItem.minecraft.stone_sword":1,"stat.flyOneCm":54149,"stat.pickup.minecraft.bed":3,"stat.pickup.minecraft.wheat_seeds":2,"stat.useItem.minecraft.stone_pickaxe":23,"stat.useItem.minecraft.stone_sword":158,"stat.damageDealt":5072,"stat.sleepInBed":2,"stat.timeSinceDeath":3738,"stat.killEntity.Cow":15,"stat.useItem.minecraft.crafting_table":1,"stat.craftItem.minecraft.wooden_pickaxe":1,"stat.killEntity.Pig":23,"stat.pickup.minecraft.mutton":4,"stat.pickup.minecraft.boat":1,"stat.pickup.minecraft.double_plant":3,"stat.walkOneCm":75875,"stat.craftItem.minecraft.bed":1,"stat.playerKills":1,"stat.pickup.of.coffee_bean":2,"stat.pickup.minecraft.stick":4,"stat.mineBlock.minecraft.vine":1,"stat.pickup.minecraft.crafting_table":4,"stat.mineBlock.candymod.wafer_stick_block":2,"stat.craftItem.minecraft.crafting_table":5,"stat.furnaceInteraction":18,"stat.mineBlock.minecraft.double_plant":1,"stat.useItem.minecraft.cooked_porkchop":3,"stat.mineBlock.minecraft.coal_ore":22,"stat.craftItem.minecraft.boat":2,"stat.killEntity.Creeper":1,"stat.pickup.minecraft.log":140,"stat.pickup.minecraft.beef":50,"stat.pickup.minecraft.furnace":5,"stat.entityKilledBy.Skeleton":1,"stat.craftItem.minecraft.stone_slab2":0,"stat.sprintOneCm":72938,"stat.craftItem.minecraft.wooden_axe":1,"stat.craftItem.minecraft.stick":8,"stat.craftItem.minecraft.planks":96,"stat.mineBlock.minecraft.crafting_table":3,"stat.pickup.candymod.wafer_stick_block":20,"stat.pickup.minecraft.stone_sword":1,"stat.mobKills":61,"stat.mineBlock.minecraft.log":82,"stat.useItem.minecraft.boat":3,"stat.deaths":1,"stat.mineBlock.minecraft.leaves":9,"stat.playOneMinute":27825,"stat.craftItem.minecraft.leather_chestplate":1,"stat.killEntity.Sheep":3,"stat.sneakTime":180,"stat.pickup.minecraft.slime_ball":16,"stat.pickup.minecraft.wool":3,"stat.useItem.minecraft.wooden_axe":45,"stat.mineBlock.minecraft.stone":28,"stat.mineBlock.minecraft.tallgrass":37,"stat.craftItem.minecraft.cooked_mutton":4,"stat.diveOneCm":2884,"stat.pickup.minecraft.cooked_mutton":4}